{
  "project_info": {
    "project_number": "1047917867514",
    "project_id": "mchat-faf96",
    "storage_bucket": "mchat-faf96.appspot.com"
  },
  "client": [
    {
      "client_info": {
        "mobilesdk_app_id": "1:1047917867514:android:386bb6963b22a4ceef3443",
        "android_client_info": {
          "package_name": "com.example.mchat"
        }
      },
      "oauth_client": [
        {
          "client_id": "1047917867514-tqnlc37rscd2t2eqpnfjqld7bd3tq6po.apps.googleusercontent.com",
          "client_type": 3
        }
      ],
      "api_key": [
        {
          "current_key": "AIzaSyCYuk0ZVn5h0H1KSSYE2aITglpFbf75sJs"
        }
      ],
      "services": {
        "appinvite_service": {
          "other_platform_oauth_client": [
            {
              "client_id": "1047917867514-tqnlc37rscd2t2eqpnfjqld7bd3tq6po.apps.googleusercontent.com",
              "client_type": 3
            }
          ]
        }
      }
    }
  ],
  "configuration_version": "1"
}